concept_id,concept_name,industry,problem_area,target_user,delivery_complexity,strategic_fit
CONCEPT-001,Smart Workflow Copilot,Financial Services,Supply Chain Optimization,Operations Manager,3,0.447
CONCEPT-002,Auto-Forecast for Energy,Energy & Utilities,Revenue Forecasting,Operations Manager,2,0.621
CONCEPT-003,Smart Contract Copilot,Public Sector,Customer Service Automation,CIO / CTO,2,0.708
CONCEPT-004,Predictive Contract Assistant,Retail,Workforce Productivity,CIO / CTO,4,0.649
CONCEPT-005,Automated Invoice Assistant,Manufacturing,Predictive Maintenance,Customer Success Director,3,0.622
CONCEPT-006,Predictive Forecast Assistant,Telecommunications,Supply Chain Optimization,Business Analyst,3,0.631
CONCEPT-007,Predictive Forecast Assistant,Financial Services,Document Intelligence,Business Analyst,3,0.649
CONCEPT-008,Auto-Document for Energy,Energy & Utilities,Compliance Monitoring,Data Science Lead,2,0.496
CONCEPT-009,Auto-Contract for Public,Public Sector,Customer Service Automation,Operations Manager,3,0.586
CONCEPT-010,Predictive Forecast Assistant,Financial Services,Predictive Maintenance,CIO / CTO,4,0.377
CONCEPT-011,Auto-Compliance for Healthcare,Healthcare,Fraud Detection,Data Science Lead,3,0.818
CONCEPT-012,Smart Forecast Copilot,Energy & Utilities,Workforce Productivity,Data Science Lead,2,0.548
